XCOORD,YCOORD,ID,age,sex,genetics
9.5,336.5,1,1,0,AA
422.5,824.5,2,1,1,aa
48.5,993.5,3,1,0,Aa
65.5,536.5,4,1,0,AA
161.5,913.5,5,1,0,aa
174.5,1003.5,6,1,1,AA
138.5,621.5,7,1,1,Aa
474.5,832.5,8,1,1,aa
390.5,144.5,9,1,1,aa
406.5,915.5,10,1,1,AA
37.5,409.5,11,1,0,Aa
757.5,942.5,12,1,1,Aa
894.5,710.5,13,1,1,AA
413.5,958.5,14,1,1,aa
243.5,310.5,15,1,0,AA
53.5,585.5,16,1,1,aa
600.5,261.5,17,1,1,AA
661.5,1013.5,18,1,1,Aa
1012.5,694.5,19,1,0,aa
159.5,452.5,20,1,1,aa
17.5,937.5,21,1,1,AA
218.5,998.5,22,1,1,aa
697.5,59.5,23,1,1,Aa
205.5,912.5,24,1,1,AA
14.5,619.5,25,1,0,aa
56.5,547.5,26,1,1,AA
205.5,551.5,27,1,1,Aa
58.5,729.5,28,1,0,aa
172.5,23.5,29,1,1,aa
620.5,247.5,30,1,0,AA
394.5,994.5,31,1,1,Aa
746.5,945.5,32,1,1,Aa
22.5,419.5,33,1,0,AA
93.5,503.5,34,1,1,aa
110.5,873.5,35,1,1,AA
151.5,913.5,36,1,0,aa
404.5,950.5,37,1,0,AA
189.5,231.5,38,1,0,Aa
837.5,673.5,39,1,0,aa
928.5,765.5,40,1,1,aa
229.5,785.5,41,1,1,AA
121.5,356.5,42,1,0,aa
746.5,104.5,43,1,1,Aa
10.5,624.5,44,1,1,AA
339.5,142.5,45,1,0,aa
833.5,627.5,46,1,1,AA
219.5,486.5,47,1,1,Aa
32.5,66.5,48,1,0,aa
325.5,565.5,49,1,1,aa
406.5,1004.5,50,1,1,AA
150.5,356.5,51,1,1,Aa
88.5,470.5,52,1,0,Aa
719.5,990.5,53,1,1,AA
901.5,938.5,54,1,1,aa
527.5,938.5,55,1,1,AA
219.5,989.5,56,1,1,aa
146.5,96.5,57,1,1,AA
107.5,895.5,58,1,0,Aa
421.5,983.5,59,1,0,aa
223.5,1.5,60,1,0,aa
471.5,832.5,61,1,1,AA
107.5,605.5,62,1,0,aa
1019.5,724.5,63,1,0,Aa
393.5,841.5,64,1,0,AA
129.5,899.5,65,1,1,aa
824.5,693.5,66,1,1,AA
107.5,504.5,67,1,1,Aa
912.5,906.5,68,1,1,aa
425.5,830.5,69,1,1,aa
951.5,736.5,70,1,1,AA
152.5,360.5,71,1,1,Aa
95.5,502.5,72,1,1,Aa
222.5,818.5,73,1,0,AA
923.5,651.5,74,1,1,aa
822.5,558.5,75,1,1,AA
181.5,1005.5,76,1,1,aa
184.5,121.5,77,1,1,AA
54.5,586.5,78,1,0,Aa
145.5,821.5,79,1,0,aa
192.5,981.5,80,1,0,aa
161.5,360.5,81,1,1,AA
340.5,949.5,82,1,1,aa
203.5,563.5,83,1,0,Aa
732.5,93.5,84,1,0,AA
623.5,907.5,85,1,1,aa
866.5,671.5,86,1,1,AA
137.5,705.5,87,1,0,Aa
905.5,716.5,88,1,0,aa
892.5,891.5,89,1,0,aa
778.5,554.5,90,1,1,AA
83.5,452.5,91,1,1,Aa
49.5,1016.5,92,1,0,Aa
161.5,114.5,93,1,0,AA
711.5,867.5,94,1,0,aa
649.5,879.5,95,1,1,AA
55.5,932.5,96,1,0,aa
125.5,50.5,97,1,1,AA
144.5,917.5,98,1,0,Aa
766.5,987.5,99,1,1,aa
464.5,875.5,100,1,1,aa